id,action,timestamp,status

1,SYS_UPDATE_CHORE,2026-09-15 16:26:17,OK
2,SYS_UPDATE_CHORE,2026-09-15 16:26:45,OK
3,SYS_UPDATE_CHORE,2026-09-15 16:27:07,OK
4,SYS_UPDATE_CHORE,2026-09-15 16:27:30,OK
5,SYS_UPDATE_CHORE,2026-09-15 16:27:52,OK
6,SYS_UPDATE_CHORE,2026-09-15 16:28:13,OK
7,SYS_UPDATE_CHORE,2026-09-15 16:28:34,OK
8,SYS_UPDATE_CHORE,2026-09-15 16:28:56,OK
9,SYS_UPDATE_CHORE,2026-09-15 16:29:21,OK
10,SYS_UPDATE_CHORE,2026-09-15 16:29:43,OK
11,SYS_UPDATE_CHORE,2026-09-15 16:30:04,OK
12,SYS_UPDATE_CHORE,2026-09-15 16:30:25,OK
13,SYS_UPDATE_CHORE,2026-09-15 16:30:47,OK
14,SYS_UPDATE_CHORE,2026-09-15 16:31:08,OK
15,SYS_UPDATE_CHORE,2026-09-15 16:31:28,OK
16,SYS_UPDATE_CHORE,2026-09-15 16:31:50,OK
17,SYS_UPDATE_CHORE,2026-09-15 16:32:12,OK
18,SYS_UPDATE_CHORE,2026-09-15 16:32:33,OK
19,SYS_UPDATE_CHORE,2026-09-15 16:32:54,OK
20,SYS_UPDATE_CHORE,2026-09-15 16:33:16,OK
21,SYS_UPDATE_CHORE,2026-09-15 16:33:38,OK
22,SYS_UPDATE_CHORE,2026-09-15 16:33:59,OK
23,SYS_UPDATE_CHORE,2026-09-15 16:34:20,OK
24,SYS_UPDATE_CHORE,2026-09-15 16:34:42,OK
25,SYS_UPDATE_CHORE,2026-09-15 16:35:04,OK
26,SYS_UPDATE_CHORE,2026-09-15 16:35:25,OK
27,SYS_UPDATE_CHORE,2026-09-15 16:35:48,OK
28,SYS_UPDATE_CHORE,2026-09-15 16:36:09,OK
29,SYS_UPDATE_CHORE,2026-09-15 16:36:30,OK
30,SYS_UPDATE_CHORE,2026-09-15 16:36:52,OK
31,SYS_UPDATE_CHORE,2026-09-15 16:37:13,OK
32,SYS_UPDATE_CHORE,2026-09-15 16:37:35,OK
33,SYS_UPDATE_CHORE,2026-09-15 16:37:56,OK
34,SYS_UPDATE_CHORE,2026-09-15 16:38:18,OK
35,SYS_UPDATE_CHORE,2026-09-15 16:38:41,OK
36,SYS_UPDATE_CHORE,2026-09-15 16:39:03,OK
37,SYS_UPDATE_CHORE,2026-09-15 16:39:25,OK
38,SYS_UPDATE_CHORE,2026-09-15 16:39:46,OK
39,SYS_UPDATE_CHORE,2026-09-15 16:40:07,OK
40,SYS_UPDATE_CHORE,2026-09-15 16:40:29,OK
41,SYS_UPDATE_CHORE,2026-09-15 16:40:50,OK
42,SYS_UPDATE_CHORE,2026-09-15 16:41:13,OK
43,SYS_UPDATE_CHORE,2026-09-15 16:41:34,OK
44,SYS_UPDATE_CHORE,2026-09-15 16:41:55,OK
45,SYS_UPDATE_CHORE,2026-09-15 16:42:17,OK
46,SYS_UPDATE_CHORE,2026-09-15 16:42:38,OK
47,SYS_UPDATE_CHORE,2026-09-15 16:43:01,OK
48,SYS_UPDATE_CHORE,2026-09-15 16:43:23,OK
49,SYS_UPDATE_CHORE,2026-09-15 16:43:44,OK
50,SYS_UPDATE_CHORE,2026-09-15 16:44:05,OK
51,SYS_UPDATE_CHORE,2026-09-15 16:44:27,OK
52,SYS_UPDATE_CHORE,2026-09-15 16:44:48,OK
53,SYS_UPDATE_CHORE,2026-09-15 16:45:11,OK
54,SYS_UPDATE_CHORE,2026-09-15 16:45:32,OK
55,SYS_UPDATE_CHORE,2026-09-15 16:45:55,OK
56,SYS_UPDATE_CHORE,2026-09-15 16:46:16,OK
57,SYS_UPDATE_CHORE,2026-09-15 16:46:38,OK
58,SYS_UPDATE_CHORE,2026-09-15 16:46:59,OK
59,SYS_UPDATE_CHORE,2026-09-15 16:47:21,OK
60,SYS_UPDATE_CHORE,2026-09-15 16:47:42,OK
61,SYS_UPDATE_CHORE,2026-09-15 16:48:04,OK
62,SYS_UPDATE_CHORE,2026-09-15 16:48:25,OK
63,SYS_UPDATE_CHORE,2026-09-15 16:48:47,OK
64,SYS_UPDATE_CHORE,2026-09-15 16:49:08,OK
65,SYS_UPDATE_CHORE,2026-09-15 16:49:31,OK
66,SYS_UPDATE_CHORE,2026-09-15 16:49:55,OK
67,SYS_UPDATE_CHORE,2026-09-15 16:50:17,OK
68,SYS_UPDATE_CHORE,2026-09-15 16:50:39,OK
69,SYS_UPDATE_CHORE,2026-09-15 16:51:01,OK
